"","INVENTORY_ID","site","Longitude","Latitude","year","month","prec","tmin","tmax","tmean"
"1","DEN",5,10.842269375,47.871068562,"1951","01",106.800003051758,-3,3,0
"2","DEN",5,10.842269375,47.871068562,"1951","02",75.4000015258789,-3,3,0
"3","DEN",5,10.842269375,47.871068562,"1951","03",74.9000015258789,-3,5,1
"4","DEN",5,10.842269375,47.871068562,"1951","04",45.7999992370605,1,11,6
"5","DEN",5,10.842269375,47.871068562,"1951","05",85.5999984741211,6,15,10.5
"6","DEN",5,10.842269375,47.871068562,"1951","06",163.800003051758,9,19,14
"7","DEN",5,10.842269375,47.871068562,"1951","07",180.899993896484,11,21,16
"8","DEN",5,10.842269375,47.871068562,"1951","08",131.800003051758,11,21,16
"9","DEN",5,10.842269375,47.871068562,"1951","09",69.9000015258789,9,18,13.5
"10","DEN",5,10.842269375,47.871068562,"1951","10",11.6000003814697,2,11,6.5
"11","DEN",5,10.842269375,47.871068562,"1951","11",81.0999984741211,1,8,4.5
"12","DEN",5,10.842269375,47.871068562,"1951","12",40.5999984741211,-3,4,0.5
"13","DEN",5,10.842269375,47.871068562,"1952","01",62.5,-6,1,-2.5
"14","DEN",5,10.842269375,47.871068562,"1952","02",87.1999969482422,-6,0,-3
"15","DEN",5,10.842269375,47.871068562,"1952","03",95.9000015258789,-1,6,2.5
"16","DEN",5,10.842269375,47.871068562,"1952","04",47.4000015258789,4,14,9
"17","DEN",5,10.842269375,47.871068562,"1952","05",84.9000015258789,6,16,11
"18","DEN",5,10.842269375,47.871068562,"1952","06",109.099998474121,10,20,15
"19","DEN",5,10.842269375,47.871068562,"1952","07",70.9000015258789,13,24,18.5
"20","DEN",5,10.842269375,47.871068562,"1952","08",138.100006103516,12,22,17
"21","DEN",5,10.842269375,47.871068562,"1952","09",148.800003051758,5,13,9
"22","DEN",5,10.842269375,47.871068562,"1952","10",126.800003051758,2,10,6
"23","DEN",5,10.842269375,47.871068562,"1952","11",160.100006103516,-3,3,0
"24","DEN",5,10.842269375,47.871068562,"1952","12",71.5,-5,1,-2
"25","DEN",5,10.842269375,47.871068562,"1953","01",23.5,-7,-1,-4
"26","DEN",5,10.842269375,47.871068562,"1953","02",42.0999984741211,-6,1,-2.5
"27","DEN",5,10.842269375,47.871068562,"1953","03",20.5,-2,8,3
"28","DEN",5,10.842269375,47.871068562,"1953","04",101.900001525879,3,13,8
"29","DEN",5,10.842269375,47.871068562,"1953","05",99.5999984741211,6,17,11.5
"30","DEN",5,10.842269375,47.871068562,"1953","06",187,9,18,13.5
"31","DEN",5,10.842269375,47.871068562,"1953","07",234,11,21,16
"32","DEN",5,10.842269375,47.871068562,"1953","08",81.6999969482422,10,20,15
"33","DEN",5,10.842269375,47.871068562,"1953","09",46.5,8,18,13
"34","DEN",5,10.842269375,47.871068562,"1953","10",36.7999992370605,5,13,9
"35","DEN",5,10.842269375,47.871068562,"1953","11",15.5,-1,7,3
"36","DEN",5,10.842269375,47.871068562,"1953","12",42.7000007629395,-2,4,1
"37","DEN",5,10.842269375,47.871068562,"1954","01",100.099998474121,-8,-2,-5
"38","DEN",5,10.842269375,47.871068562,"1954","02",36.2000007629395,-7,0,-3.5
"39","DEN",5,10.842269375,47.871068562,"1954","03",36.9000015258789,-1,8,3.5
"40","DEN",5,10.842269375,47.871068562,"1954","04",95.4000015258789,0,8,4
"41","DEN",5,10.842269375,47.871068562,"1954","05",127.199996948242,5,14,9.5
"42","DEN",5,10.842269375,47.871068562,"1954","06",147.5,10,19,14.5
"43","DEN",5,10.842269375,47.871068562,"1954","07",277.299987792969,9,17,13
"44","DEN",5,10.842269375,47.871068562,"1954","08",171.800003051758,10,19,14.5
"45","DEN",5,10.842269375,47.871068562,"1954","09",149.899993896484,8,17,12.5
"46","DEN",5,10.842269375,47.871068562,"1954","10",82.3000030517578,3,12,7.5
"47","DEN",5,10.842269375,47.871068562,"1954","11",40.5,-1,7,3
"48","DEN",5,10.842269375,47.871068562,"1954","12",108.5,-2,4,1
"49","DEN",5,10.842269375,47.871068562,"1955","01",82.1999969482422,-5,2,-1.5
"50","DEN",5,10.842269375,47.871068562,"1955","02",113.300003051758,-5,1,-2
"51","DEN",5,10.842269375,47.871068562,"1955","03",33.5999984741211,-4,4,0
"52","DEN",5,10.842269375,47.871068562,"1955","04",103.900001525879,1,10,5.5
"53","DEN",5,10.842269375,47.871068562,"1955","05",117.300003051758,4,15,9.5
"54","DEN",5,10.842269375,47.871068562,"1955","06",151.399993896484,9,18,13.5
"55","DEN",5,10.842269375,47.871068562,"1955","07",213.800003051758,11,19,15
"56","DEN",5,10.842269375,47.871068562,"1955","08",87.1999969482422,10,19,14.5
"57","DEN",5,10.842269375,47.871068562,"1955","09",126.699996948242,7,16,11.5
"58","DEN",5,10.842269375,47.871068562,"1955","10",63.2000007629395,2,10,6
"59","DEN",5,10.842269375,47.871068562,"1955","11",25.3999996185303,-2,5,1.5
"60","DEN",5,10.842269375,47.871068562,"1955","12",88,-1,5,2
"61","DEN",5,10.842269375,47.871068562,"1956","01",76.3000030517578,-4,3,-0.5
"62","DEN",5,10.842269375,47.871068562,"1956","02",29.1000003814697,-13,-5,-9
"63","DEN",5,10.842269375,47.871068562,"1956","03",84.6999969482422,-3,6,1.5
"64","DEN",5,10.842269375,47.871068562,"1956","04",78.5,0,9,4.5
"65","DEN",5,10.842269375,47.871068562,"1956","05",115.099998474121,6,16,11
"66","DEN",5,10.842269375,47.871068562,"1956","06",210.699996948242,7,16,11.5
"67","DEN",5,10.842269375,47.871068562,"1956","07",170,11,21,16
"68","DEN",5,10.842269375,47.871068562,"1956","08",178.100006103516,9,19,14
"69","DEN",5,10.842269375,47.871068562,"1956","09",79,8,19,13.5
"70","DEN",5,10.842269375,47.871068562,"1956","10",146.600006103516,2,10,6
"71","DEN",5,10.842269375,47.871068562,"1956","11",56,-2,3,0.5
"72","DEN",5,10.842269375,47.871068562,"1956","12",29.5,-4,2,-1
"73","DEN",5,10.842269375,47.871068562,"1957","01",39.2999992370605,-6,2,-2
"74","DEN",5,10.842269375,47.871068562,"1957","02",104.599998474121,-1,6,2.5
"75","DEN",5,10.842269375,47.871068562,"1957","03",53,1,11,6
"76","DEN",5,10.842269375,47.871068562,"1957","04",73.4000015258789,1,11,6
"77","DEN",5,10.842269375,47.871068562,"1957","05",86.6999969482422,3,12,7.5
"78","DEN",5,10.842269375,47.871068562,"1957","06",177.899993896484,10,21,15.5
"79","DEN",5,10.842269375,47.871068562,"1957","07",212.100006103516,11,20,15.5
"80","DEN",5,10.842269375,47.871068562,"1957","08",184.399993896484,9,18,13.5
"81","DEN",5,10.842269375,47.871068562,"1957","09",112.900001525879,7,15,11
"82","DEN",5,10.842269375,47.871068562,"1957","10",22.5,3,13,8
"83","DEN",5,10.842269375,47.871068562,"1957","11",31.3999996185303,0,6,3
"84","DEN",5,10.842269375,47.871068562,"1957","12",24,-4,2,-1
"85","DEN",5,10.842269375,47.871068562,"1958","01",77.4000015258789,-6,2,-2
"86","DEN",5,10.842269375,47.871068562,"1958","02",155.199996948242,-3,5,1
"87","DEN",5,10.842269375,47.871068562,"1958","03",50.4000015258789,-6,2,-2
"88","DEN",5,10.842269375,47.871068562,"1958","04",92.1999969482422,-1,8,3.5
"89","DEN",5,10.842269375,47.871068562,"1958","05",68.8000030517578,8,19,13.5
"90","DEN",5,10.842269375,47.871068562,"1958","06",149.399993896484,8,19,13.5
"91","DEN",5,10.842269375,47.871068562,"1958","07",139.100006103516,12,21,16.5
"92","DEN",5,10.842269375,47.871068562,"1958","08",102.5,11,21,16
"93","DEN",5,10.842269375,47.871068562,"1958","09",104,9,19,14
"94","DEN",5,10.842269375,47.871068562,"1958","10",155.800003051758,3,10,6.5
"95","DEN",5,10.842269375,47.871068562,"1958","11",46.0999984741211,0,6,3
"96","DEN",5,10.842269375,47.871068562,"1958","12",86.8000030517578,-3,4,0.5
"97","DEN",5,10.842269375,47.871068562,"1959","01",72.4000015258789,-6,1,-2.5
"98","DEN",5,10.842269375,47.871068562,"1959","02",14,-5,4,-0.5
"99","DEN",5,10.842269375,47.871068562,"1959","03",46.2999992370605,1,10,5.5
"100","DEN",5,10.842269375,47.871068562,"1959","04",71.5,2,13,7.5
"101","DEN",5,10.842269375,47.871068562,"1959","05",126.5,6,16,11
"102","DEN",5,10.842269375,47.871068562,"1959","06",186.600006103516,9,19,14
"103","DEN",5,10.842269375,47.871068562,"1959","07",121.400001525879,12,22,17
"104","DEN",5,10.842269375,47.871068562,"1959","08",105.300003051758,11,20,15.5
"105","DEN",5,10.842269375,47.871068562,"1959","09",26.6000003814697,8,18,13
"106","DEN",5,10.842269375,47.871068562,"1959","10",54.0999984741211,2,13,7.5
"107","DEN",5,10.842269375,47.871068562,"1959","11",50.9000015258789,-1,5,2
"108","DEN",5,10.842269375,47.871068562,"1959","12",65.5999984741211,-2,4,1
"109","DEN",5,10.842269375,47.871068562,"1960","01",60.2999992370605,-6,1,-2.5
"110","DEN",5,10.842269375,47.871068562,"1960","02",61.7999992370605,-4,3,-0.5
"111","DEN",5,10.842269375,47.871068562,"1960","03",78.5,0,8,4
"112","DEN",5,10.842269375,47.871068562,"1960","04",66.4000015258789,2,10,6
"113","DEN",5,10.842269375,47.871068562,"1960","05",95.1999969482422,6,17,11.5
"114","DEN",5,10.842269375,47.871068562,"1960","06",162.699996948242,10,20,15
"115","DEN",5,10.842269375,47.871068562,"1960","07",155.899993896484,9,18,13.5
"116","DEN",5,10.842269375,47.871068562,"1960","08",165,10,19,14.5
"117","DEN",5,10.842269375,47.871068562,"1960","09",115.099998474121,7,15,11
"118","DEN",5,10.842269375,47.871068562,"1960","10",100,3,11,7
"119","DEN",5,10.842269375,47.871068562,"1960","11",57.5,1,8,4.5
"120","DEN",5,10.842269375,47.871068562,"1960","12",70.5,-4,2,-1
"121","DEN",5,10.842269375,47.871068562,"1961","01",34.2000007629395,-5,1,-2
"122","DEN",5,10.842269375,47.871068562,"1961","02",75.0999984741211,-2,6,2
"123","DEN",5,10.842269375,47.871068562,"1961","03",46,0,9,4.5
"124","DEN",5,10.842269375,47.871068562,"1961","04",81.3000030517578,5,14,9.5
"125","DEN",5,10.842269375,47.871068562,"1961","05",195.100006103516,5,13,9
"126","DEN",5,10.842269375,47.871068562,"1961","06",130.399993896484,10,20,15
"127","DEN",5,10.842269375,47.871068562,"1961","07",113.400001525879,9,19,14
"128","DEN",5,10.842269375,47.871068562,"1961","08",146.699996948242,10,20,15
"129","DEN",5,10.842269375,47.871068562,"1961","09",47.9000015258789,11,22,16.5
"130","DEN",5,10.842269375,47.871068562,"1961","10",50.9000015258789,4,14,9
"131","DEN",5,10.842269375,47.871068562,"1961","11",34,-1,7,3
"132","DEN",5,10.842269375,47.871068562,"1961","12",100.800003051758,-5,2,-1.5
"133","DEN",5,10.842269375,47.871068562,"1962","01",91.0999984741211,-4,3,-0.5
"134","DEN",5,10.842269375,47.871068562,"1962","02",78.9000015258789,-5,1,-2
"135","DEN",5,10.842269375,47.871068562,"1962","03",61.7000007629395,-5,3,-1
"136","DEN",5,10.842269375,47.871068562,"1962","04",79.3000030517578,2,12,7
"137","DEN",5,10.842269375,47.871068562,"1962","05",172,4,13,8.5
"138","DEN",5,10.842269375,47.871068562,"1962","06",83.3000030517578,8,18,13
"139","DEN",5,10.842269375,47.871068562,"1962","07",109.199996948242,10,20,15
"140","DEN",5,10.842269375,47.871068562,"1962","08",94.8000030517578,11,22,16.5
"141","DEN",5,10.842269375,47.871068562,"1962","09",90.8000030517578,7,17,12
"142","DEN",5,10.842269375,47.871068562,"1962","10",24.7999992370605,3,13,8
"143","DEN",5,10.842269375,47.871068562,"1962","11",39,-2,4,1
"144","DEN",5,10.842269375,47.871068562,"1962","12",119.400001525879,-8,-1,-4.5
"145","DEN",5,10.842269375,47.871068562,"1963","01",34.7999992370605,-11,-5,-8
"146","DEN",5,10.842269375,47.871068562,"1963","02",25,-10,-2,-6
"147","DEN",5,10.842269375,47.871068562,"1963","03",74,-3,6,1.5
"148","DEN",5,10.842269375,47.871068562,"1963","04",67.1999969482422,3,12,7.5
"149","DEN",5,10.842269375,47.871068562,"1963","05",117.900001525879,6,15,10.5
"150","DEN",5,10.842269375,47.871068562,"1963","06",146.600006103516,10,19,14.5
"151","DEN",5,10.842269375,47.871068562,"1963","07",121.5,12,22,17
"152","DEN",5,10.842269375,47.871068562,"1963","08",193.399993896484,10,19,14.5
"153","DEN",5,10.842269375,47.871068562,"1963","09",102.099998474121,9,17,13
"154","DEN",5,10.842269375,47.871068562,"1963","10",37.4000015258789,3,12,7.5
"155","DEN",5,10.842269375,47.871068562,"1963","11",92.5999984741211,2,10,6
"156","DEN",5,10.842269375,47.871068562,"1963","12",19.2000007629395,-7,-1,-4
"157","DEN",5,10.842269375,47.871068562,"1964","01",21.5,-7,0,-3.5
"158","DEN",5,10.842269375,47.871068562,"1964","02",42.5999984741211,-3,3,0
"159","DEN",5,10.842269375,47.871068562,"1964","03",79.1999969482422,-2,4,1
"160","DEN",5,10.842269375,47.871068562,"1964","04",99.3000030517578,3,12,7.5
"161","DEN",5,10.842269375,47.871068562,"1964","05",161.5,7,17,12
"162","DEN",5,10.842269375,47.871068562,"1964","06",124.5,11,21,16
"163","DEN",5,10.842269375,47.871068562,"1964","07",73.9000015258789,11,23,17
"164","DEN",5,10.842269375,47.871068562,"1964","08",152.100006103516,10,20,15
"165","DEN",5,10.842269375,47.871068562,"1964","09",76.9000015258789,8,18,13
"166","DEN",5,10.842269375,47.871068562,"1964","10",152.699996948242,2,9,5.5
"167","DEN",5,10.842269375,47.871068562,"1964","11",110.800003051758,1,7,4
"168","DEN",5,10.842269375,47.871068562,"1964","12",52.2000007629395,-4,1,-1.5
"169","DEN",5,10.842269375,47.871068562,"1965","01",52.2000007629395,-4,2,-1
"170","DEN",5,10.842269375,47.871068562,"1965","02",64.6999969482422,-9,-2,-5.5
"171","DEN",5,10.842269375,47.871068562,"1965","03",79.4000015258789,-2,6,2
"172","DEN",5,10.842269375,47.871068562,"1965","04",159.699996948242,1,9,5
"173","DEN",5,10.842269375,47.871068562,"1965","05",188.5,5,13,9
"174","DEN",5,10.842269375,47.871068562,"1965","06",225,10,19,14.5
"175","DEN",5,10.842269375,47.871068562,"1965","07",178.100006103516,10,19,14.5
"176","DEN",5,10.842269375,47.871068562,"1965","08",99.0999984741211,9,18,13.5
"177","DEN",5,10.842269375,47.871068562,"1965","09",121.400001525879,7,16,11.5
"178","DEN",5,10.842269375,47.871068562,"1965","10",5.30000019073486,3,13,8
"179","DEN",5,10.842269375,47.871068562,"1965","11",87.4000015258789,-2,5,1.5
"180","DEN",5,10.842269375,47.871068562,"1965","12",119.400001525879,-2,3,0.5
"181","DEN",5,10.842269375,47.871068562,"1966","01",39.7999992370605,-7,-1,-4
"182","DEN",5,10.842269375,47.871068562,"1966","02",70.9000015258789,1,8,4.5
"183","DEN",5,10.842269375,47.871068562,"1966","03",99.5999984741211,-2,4,1
"184","DEN",5,10.842269375,47.871068562,"1966","04",91.0999984741211,4,13,8.5
"185","DEN",5,10.842269375,47.871068562,"1966","05",183.800003051758,6,16,11
"186","DEN",5,10.842269375,47.871068562,"1966","06",155.5,10,20,15
"187","DEN",5,10.842269375,47.871068562,"1966","07",230.300003051758,10,18,14
"188","DEN",5,10.842269375,47.871068562,"1966","08",224,10,18,14
"189","DEN",5,10.842269375,47.871068562,"1966","09",70.0999984741211,9,18,13.5
"190","DEN",5,10.842269375,47.871068562,"1966","10",97.9000015258789,7,14,10.5
"191","DEN",5,10.842269375,47.871068562,"1966","11",85,-3,3,0
"192","DEN",5,10.842269375,47.871068562,"1966","12",121.099998474121,-4,2,-1
"193","DEN",5,10.842269375,47.871068562,"1967","01",66.5999984741211,-5,1,-2
"194","DEN",5,10.842269375,47.871068562,"1967","02",41,-4,5,0.5
"195","DEN",5,10.842269375,47.871068562,"1967","03",114.099998474121,0,7,3.5
"196","DEN",5,10.842269375,47.871068562,"1967","04",91.5,0,9,4.5
"197","DEN",5,10.842269375,47.871068562,"1967","05",118.099998474121,6,16,11
"198","DEN",5,10.842269375,47.871068562,"1967","06",164.699996948242,8,18,13
"199","DEN",5,10.842269375,47.871068562,"1967","07",110.300003051758,13,23,18
"200","DEN",5,10.842269375,47.871068562,"1967","08",103.900001525879,11,20,15.5
"201","DEN",5,10.842269375,47.871068562,"1967","09",135.600006103516,8,17,12.5
"202","DEN",5,10.842269375,47.871068562,"1967","10",49.7999992370605,5,15,10
"203","DEN",5,10.842269375,47.871068562,"1967","11",47,0,7,3.5
"204","DEN",5,10.842269375,47.871068562,"1967","12",49.0999984741211,-5,0,-2.5
"205","DEN",5,10.842269375,47.871068562,"1968","01",132.100006103516,-6,0,-3
"206","DEN",5,10.842269375,47.871068562,"1968","02",41.5999984741211,-3,3,0
"207","DEN",5,10.842269375,47.871068562,"1968","03",48.5,-1,7,3
"208","DEN",5,10.842269375,47.871068562,"1968","04",65.5,3,13,8
"209","DEN",5,10.842269375,47.871068562,"1968","05",95.4000015258789,5,15,10
"210","DEN",5,10.842269375,47.871068562,"1968","06",146.300003051758,10,19,14.5
"211","DEN",5,10.842269375,47.871068562,"1968","07",150.300003051758,10,19,14.5
"212","DEN",5,10.842269375,47.871068562,"1968","08",193.800003051758,10,18,14
"213","DEN",5,10.842269375,47.871068562,"1968","09",130.899993896484,7,16,11.5
"214","DEN",5,10.842269375,47.871068562,"1968","10",70.5,5,13,9
"215","DEN",5,10.842269375,47.871068562,"1968","11",24.8999996185303,1,6,3.5
"216","DEN",5,10.842269375,47.871068562,"1968","12",41.5,-6,0,-3
"217","DEN",5,10.842269375,47.871068562,"1969","01",49.5999984741211,-4,2,-1
"218","DEN",5,10.842269375,47.871068562,"1969","02",40.4000015258789,-7,0,-3.5
"219","DEN",5,10.842269375,47.871068562,"1969","03",45.5999984741211,-2,5,1.5
"220","DEN",5,10.842269375,47.871068562,"1969","04",82,1,11,6
"221","DEN",5,10.842269375,47.871068562,"1969","05",87.3000030517578,7,18,12.5
"222","DEN",5,10.842269375,47.871068562,"1969","06",174,8,16,12
"223","DEN",5,10.842269375,47.871068562,"1969","07",135.399993896484,12,22,17
"224","DEN",5,10.842269375,47.871068562,"1969","08",180.800003051758,10,18,14
"225","DEN",5,10.842269375,47.871068562,"1969","09",42.5,9,18,13.5
"226","DEN",5,10.842269375,47.871068562,"1969","10",11.5,4,14,9
"227","DEN",5,10.842269375,47.871068562,"1969","11",86.9000015258789,-1,7,3
"228","DEN",5,10.842269375,47.871068562,"1969","12",53.2000007629395,-8,-3,-5.5
"229","DEN",5,10.842269375,47.871068562,"1970","01",38.4000015258789,-5,2,-1.5
"230","DEN",5,10.842269375,47.871068562,"1970","02",178.600006103516,-5,1,-2
"231","DEN",5,10.842269375,47.871068562,"1970","03",62.2000007629395,-4,3,-0.5
"232","DEN",5,10.842269375,47.871068562,"1970","04",143,0,8,4
"233","DEN",5,10.842269375,47.871068562,"1970","05",107.699996948242,5,13,9
"234","DEN",5,10.842269375,47.871068562,"1970","06",103.699996948242,10,21,15.5
"235","DEN",5,10.842269375,47.871068562,"1970","07",133.100006103516,10,20,15
"236","DEN",5,10.842269375,47.871068562,"1970","08",248.5,11,20,15.5
"237","DEN",5,10.842269375,47.871068562,"1970","09",82.5,8,18,13
"238","DEN",5,10.842269375,47.871068562,"1970","10",116.5,3,11,7
"239","DEN",5,10.842269375,47.871068562,"1970","11",84.1999969482422,1,8,4.5
"240","DEN",5,10.842269375,47.871068562,"1970","12",39.2000007629395,-5,0,-2.5
"241","DEN",5,10.842269375,47.871068562,"1971","01",12.3000001907349,-6,1,-2.5
"242","DEN",5,10.842269375,47.871068562,"1971","02",70.4000015258789,-5,1,-2
"243","DEN",5,10.842269375,47.871068562,"1971","03",40.5999984741211,-5,2,-1.5
"244","DEN",5,10.842269375,47.871068562,"1971","04",46,3,14,8.5
"245","DEN",5,10.842269375,47.871068562,"1971","05",108,8,17,12.5
"246","DEN",5,10.842269375,47.871068562,"1971","06",191.300003051758,8,17,12.5
"247","DEN",5,10.842269375,47.871068562,"1971","07",94.5,12,23,17.5
"248","DEN",5,10.842269375,47.871068562,"1971","08",167.800003051758,12,22,17
"249","DEN",5,10.842269375,47.871068562,"1971","09",79,6,16,11
"250","DEN",5,10.842269375,47.871068562,"1971","10",20.6000003814697,3,13,8
"251","DEN",5,10.842269375,47.871068562,"1971","11",78.9000015258789,-1,5,2
"252","DEN",5,10.842269375,47.871068562,"1971","12",42.7999992370605,-2,4,1
"253","DEN",5,10.842269375,47.871068562,"1972","01",15.6999998092651,-5,1,-2
"254","DEN",5,10.842269375,47.871068562,"1972","02",16.6000003814697,-2,5,1.5
"255","DEN",5,10.842269375,47.871068562,"1972","03",17.8999996185303,0,10,5
"256","DEN",5,10.842269375,47.871068562,"1972","04",130.100006103516,2,9,5.5
"257","DEN",5,10.842269375,47.871068562,"1972","05",85.5999984741211,5,14,9.5
"258","DEN",5,10.842269375,47.871068562,"1972","06",127.699996948242,9,18,13.5
"259","DEN",5,10.842269375,47.871068562,"1972","07",161.300003051758,11,20,15.5
"260","DEN",5,10.842269375,47.871068562,"1972","08",104.699996948242,10,19,14.5
"261","DEN",5,10.842269375,47.871068562,"1972","09",52.2000007629395,5,14,9.5
"262","DEN",5,10.842269375,47.871068562,"1972","10",80.0999984741211,1,10,5.5
"263","DEN",5,10.842269375,47.871068562,"1972","11",152,-2,6,2
"264","DEN",5,10.842269375,47.871068562,"1972","12",14.6000003814697,-4,2,-1
"265","DEN",5,10.842269375,47.871068562,"1973","01",42.9000015258789,-4,1,-1.5
"266","DEN",5,10.842269375,47.871068562,"1973","02",56,-5,1,-2
"267","DEN",5,10.842269375,47.871068562,"1973","03",43.2999992370605,-3,5,1
"268","DEN",5,10.842269375,47.871068562,"1973","04",89.9000015258789,-1,7,3
"269","DEN",5,10.842269375,47.871068562,"1973","05",80.9000015258789,7,17,12
"270","DEN",5,10.842269375,47.871068562,"1973","06",153.600006103516,10,19,14.5
"271","DEN",5,10.842269375,47.871068562,"1973","07",162.399993896484,11,19,15
"272","DEN",5,10.842269375,47.871068562,"1973","08",91.0999984741211,12,22,17
"273","DEN",5,10.842269375,47.871068562,"1973","09",81.8000030517578,9,18,13.5
"274","DEN",5,10.842269375,47.871068562,"1973","10",100,2,10,6
"275","DEN",5,10.842269375,47.871068562,"1973","11",135.399993896484,-2,6,2
"276","DEN",5,10.842269375,47.871068562,"1973","12",71,-4,2,-1
"277","DEN",5,10.842269375,47.871068562,"1974","01",65.0999984741211,-1,5,2
"278","DEN",5,10.842269375,47.871068562,"1974","02",66.4000015258789,-2,4,1
"279","DEN",5,10.842269375,47.871068562,"1974","03",36.4000015258789,1,9,5
"280","DEN",5,10.842269375,47.871068562,"1974","04",61.7000007629395,1,11,6
"281","DEN",5,10.842269375,47.871068562,"1974","05",119.199996948242,5,14,9.5
"282","DEN",5,10.842269375,47.871068562,"1974","06",146.5,8,17,12.5
"283","DEN",5,10.842269375,47.871068562,"1974","07",151.399993896484,10,19,14.5
"284","DEN",5,10.842269375,47.871068562,"1974","08",151,12,21,16.5
"285","DEN",5,10.842269375,47.871068562,"1974","09",149.199996948242,7,17,12
"286","DEN",5,10.842269375,47.871068562,"1974","10",133,1,6,3.5
"287","DEN",5,10.842269375,47.871068562,"1974","11",95.4000015258789,-1,6,2.5
"288","DEN",5,10.842269375,47.871068562,"1974","12",133.699996948242,-1,5,2
"289","DEN",5,10.842269375,47.871068562,"1975","01",72.6999969482422,-1,5,2
"290","DEN",5,10.842269375,47.871068562,"1975","02",21.2999992370605,-4,4,0
"291","DEN",5,10.842269375,47.871068562,"1975","03",71.3000030517578,-2,6,2
"292","DEN",5,10.842269375,47.871068562,"1975","04",96.5,1,9,5
"293","DEN",5,10.842269375,47.871068562,"1975","05",84.9000015258789,6,16,11
"294","DEN",5,10.842269375,47.871068562,"1975","06",186.100006103516,8,17,12.5
"295","DEN",5,10.842269375,47.871068562,"1975","07",166.600006103516,11,21,16
"296","DEN",5,10.842269375,47.871068562,"1975","08",190.5,12,20,16
"297","DEN",5,10.842269375,47.871068562,"1975","09",71.5,10,20,15
"298","DEN",5,10.842269375,47.871068562,"1975","10",55,3,10,6.5
"299","DEN",5,10.842269375,47.871068562,"1975","11",89.5,-1,5,2
"300","DEN",5,10.842269375,47.871068562,"1975","12",18.1000003814697,-4,2,-1
"301","DEN",5,10.842269375,47.871068562,"1976","01",73.4000015258789,-4,2,-1
"302","DEN",5,10.842269375,47.871068562,"1976","02",22.2000007629395,-3,4,0.5
"303","DEN",5,10.842269375,47.871068562,"1976","03",24,-4,5,0.5
"304","DEN",5,10.842269375,47.871068562,"1976","04",68.6999969482422,1,11,6
"305","DEN",5,10.842269375,47.871068562,"1976","05",125.300003051758,6,17,11.5
"306","DEN",5,10.842269375,47.871068562,"1976","06",89.1999969482422,10,21,15.5
"307","DEN",5,10.842269375,47.871068562,"1976","07",167.399993896484,12,22,17
"308","DEN",5,10.842269375,47.871068562,"1976","08",119,9,18,13.5
"309","DEN",5,10.842269375,47.871068562,"1976","09",119.800003051758,6,15,10.5
"310","DEN",5,10.842269375,47.871068562,"1976","10",51,5,12,8.5
"311","DEN",5,10.842269375,47.871068562,"1976","11",78.0999984741211,0,6,3
"312","DEN",5,10.842269375,47.871068562,"1976","12",63,-6,0,-3
"313","DEN",5,10.842269375,47.871068562,"1977","01",70,-4,2,-1
"314","DEN",5,10.842269375,47.871068562,"1977","02",102.900001525879,-1,5,2
"315","DEN",5,10.842269375,47.871068562,"1977","03",55.7999992370605,1,10,5.5
"316","DEN",5,10.842269375,47.871068562,"1977","04",152.699996948242,0,9,4.5
"317","DEN",5,10.842269375,47.871068562,"1977","05",60.7999992370605,6,15,10.5
"318","DEN",5,10.842269375,47.871068562,"1977","06",149.699996948242,9,19,14
"319","DEN",5,10.842269375,47.871068562,"1977","07",169.300003051758,11,20,15.5
"320","DEN",5,10.842269375,47.871068562,"1977","08",159.199996948242,10,18,14
"321","DEN",5,10.842269375,47.871068562,"1977","09",77.8000030517578,7,15,11
"322","DEN",5,10.842269375,47.871068562,"1977","10",48.0999984741211,5,13,9
"323","DEN",5,10.842269375,47.871068562,"1977","11",108.599998474121,-1,6,2.5
"324","DEN",5,10.842269375,47.871068562,"1977","12",66.5,-3,3,0
"325","DEN",5,10.842269375,47.871068562,"1978","01",49.2000007629395,-4,2,-1
"326","DEN",5,10.842269375,47.871068562,"1978","02",80.3000030517578,-6,1,-2.5
"327","DEN",5,10.842269375,47.871068562,"1978","03",109.5,-1,7,3
"328","DEN",5,10.842269375,47.871068562,"1978","04",60.5999984741211,1,10,5.5
"329","DEN",5,10.842269375,47.871068562,"1978","05",162,5,13,9
"330","DEN",5,10.842269375,47.871068562,"1978","06",136.399993896484,8,18,13
"331","DEN",5,10.842269375,47.871068562,"1978","07",159.300003051758,10,19,14.5
"332","DEN",5,10.842269375,47.871068562,"1978","08",154.600006103516,9,18,13.5
"333","DEN",5,10.842269375,47.871068562,"1978","09",123.5,7,16,11.5
"334","DEN",5,10.842269375,47.871068562,"1978","10",91.5,4,11,7.5
"335","DEN",5,10.842269375,47.871068562,"1978","11",23.5,-1,6,2.5
"336","DEN",5,10.842269375,47.871068562,"1978","12",40.2999992370605,-3,3,0
"337","DEN",5,10.842269375,47.871068562,"1979","01",68.8000030517578,-8,-2,-5
"338","DEN",5,10.842269375,47.871068562,"1979","02",60.2000007629395,-3,3,0
"339","DEN",5,10.842269375,47.871068562,"1979","03",130.399993896484,-1,7,3
"340","DEN",5,10.842269375,47.871068562,"1979","04",131.699996948242,0,8,4
"341","DEN",5,10.842269375,47.871068562,"1979","05",92.0999984741211,5,17,11
"342","DEN",5,10.842269375,47.871068562,"1979","06",262.399993896484,10,19,14.5
"343","DEN",5,10.842269375,47.871068562,"1979","07",94.8000030517578,11,19,15
"344","DEN",5,10.842269375,47.871068562,"1979","08",159.300003051758,10,19,14.5
"345","DEN",5,10.842269375,47.871068562,"1979","09",140.399993896484,8,17,12.5
"346","DEN",5,10.842269375,47.871068562,"1979","10",27.7000007629395,4,13,8.5
"347","DEN",5,10.842269375,47.871068562,"1979","11",169.100006103516,-1,5,2
"348","DEN",5,10.842269375,47.871068562,"1979","12",71.5,-1,5,2
"349","DEN",5,10.842269375,47.871068562,"1980","01",65.9000015258789,-6,-1,-3.5
"350","DEN",5,10.842269375,47.871068562,"1980","02",66.6999969482422,-3,5,1
"351","DEN",5,10.842269375,47.871068562,"1980","03",60.0999984741211,-1,7,3
"352","DEN",5,10.842269375,47.871068562,"1980","04",150.800003051758,0,7,3.5
"353","DEN",5,10.842269375,47.871068562,"1980","05",68.8000030517578,4,14,9
"354","DEN",5,10.842269375,47.871068562,"1980","06",166.300003051758,9,17,13
"355","DEN",5,10.842269375,47.871068562,"1980","07",175.699996948242,10,18,14
"356","DEN",5,10.842269375,47.871068562,"1980","08",102.800003051758,12,21,16.5
"357","DEN",5,10.842269375,47.871068562,"1980","09",84,9,18,13.5
"358","DEN",5,10.842269375,47.871068562,"1980","10",132,3,11,7
"359","DEN",5,10.842269375,47.871068562,"1980","11",47.5999984741211,-2,5,1.5
"360","DEN",5,10.842269375,47.871068562,"1980","12",70,-6,1,-2.5
"361","DEN",5,10.842269375,47.871068562,"1981","01",106.400001525879,-8,-1,-4.5
"362","DEN",5,10.842269375,47.871068562,"1981","02",40.9000015258789,-6,1,-2.5
"363","DEN",5,10.842269375,47.871068562,"1981","03",68.5999984741211,2,10,6
"364","DEN",5,10.842269375,47.871068562,"1981","04",38,2,13,7.5
"365","DEN",5,10.842269375,47.871068562,"1981","05",130.899993896484,6,16,11
"366","DEN",5,10.842269375,47.871068562,"1981","06",82,10,19,14.5
"367","DEN",5,10.842269375,47.871068562,"1981","07",229.100006103516,10,19,14.5
"368","DEN",5,10.842269375,47.871068562,"1981","08",98.0999984741211,11,20,15.5
"369","DEN",5,10.842269375,47.871068562,"1981","09",157.199996948242,9,17,13
"370","DEN",5,10.842269375,47.871068562,"1981","10",197.399993896484,3,11,7
"371","DEN",5,10.842269375,47.871068562,"1981","11",89.0999984741211,-1,6,2.5
"372","DEN",5,10.842269375,47.871068562,"1981","12",136.199996948242,-6,1,-2.5
"373","DEN",5,10.842269375,47.871068562,"1982","01",132.699996948242,-5,1,-2
"374","DEN",5,10.842269375,47.871068562,"1982","02",13.3999996185303,-5,2,-1.5
"375","DEN",5,10.842269375,47.871068562,"1982","03",58.7999992370605,-2,6,2
"376","DEN",5,10.842269375,47.871068562,"1982","04",40.7999992370605,0,9,4.5
"377","DEN",5,10.842269375,47.871068562,"1982","05",86.3000030517578,6,17,11.5
"378","DEN",5,10.842269375,47.871068562,"1982","06",172.399993896484,10,20,15
"379","DEN",5,10.842269375,47.871068562,"1982","07",146.100006103516,13,22,17.5
"380","DEN",5,10.842269375,47.871068562,"1982","08",169.5,11,20,15.5
"381","DEN",5,10.842269375,47.871068562,"1982","09",67.3000030517578,10,20,15
"382","DEN",5,10.842269375,47.871068562,"1982","10",64.8000030517578,4,11,7.5
"383","DEN",5,10.842269375,47.871068562,"1982","11",54.0999984741211,1,8,4.5
"384","DEN",5,10.842269375,47.871068562,"1982","12",93.9000015258789,-3,4,0.5
"385","DEN",5,10.842269375,47.871068562,"1983","01",102.599998474121,-2,5,1.5
"386","DEN",5,10.842269375,47.871068562,"1983","02",46.0999984741211,-7,0,-3.5
"387","DEN",5,10.842269375,47.871068562,"1983","03",53.5,-1,8,3.5
"388","DEN",5,10.842269375,47.871068562,"1983","04",94.3000030517578,3,12,7.5
"389","DEN",5,10.842269375,47.871068562,"1983","05",149.699996948242,5,15,10
"390","DEN",5,10.842269375,47.871068562,"1983","06",157.100006103516,10,20,15
"391","DEN",5,10.842269375,47.871068562,"1983","07",70.1999969482422,14,26,20
"392","DEN",5,10.842269375,47.871068562,"1983","08",182.800003051758,12,21,16.5
"393","DEN",5,10.842269375,47.871068562,"1983","09",118.599998474121,8,18,13
"394","DEN",5,10.842269375,47.871068562,"1983","10",48.7999992370605,4,12,8
"395","DEN",5,10.842269375,47.871068562,"1983","11",74.1999969482422,-2,6,2
"396","DEN",5,10.842269375,47.871068562,"1983","12",60.7000007629395,-4,3,-0.5
"397","DEN",5,10.842269375,47.871068562,"1984","01",64.9000015258789,-5,2,-1.5
"398","DEN",5,10.842269375,47.871068562,"1984","02",93.5,-6,0,-3
"399","DEN",5,10.842269375,47.871068562,"1984","03",34.2999992370605,-4,5,0.5
"400","DEN",5,10.842269375,47.871068562,"1984","04",55.2000007629395,0,10,5
"401","DEN",5,10.842269375,47.871068562,"1984","05",105.199996948242,4,14,9
"402","DEN",5,10.842269375,47.871068562,"1984","06",136.399993896484,8,18,13
"403","DEN",5,10.842269375,47.871068562,"1984","07",102.400001525879,11,20,15.5
"404","DEN",5,10.842269375,47.871068562,"1984","08",117.300003051758,11,20,15.5
"405","DEN",5,10.842269375,47.871068562,"1984","09",211.5,7,15,11
"406","DEN",5,10.842269375,47.871068562,"1984","10",41.7000007629395,5,13,9
"407","DEN",5,10.842269375,47.871068562,"1984","11",46.5,1,9,5
"408","DEN",5,10.842269375,47.871068562,"1984","12",50.4000015258789,-3,3,0
"409","DEN",5,10.842269375,47.871068562,"1985","01",62.5,-10,-3,-6.5
"410","DEN",5,10.842269375,47.871068562,"1985","02",70.3000030517578,-7,2,-2.5
"411","DEN",5,10.842269375,47.871068562,"1985","03",49.9000015258789,-2,5,1.5
"412","DEN",5,10.842269375,47.871068562,"1985","04",99.6999969482422,1,11,6
"413","DEN",5,10.842269375,47.871068562,"1985","05",143.899993896484,7,16,11.5
"414","DEN",5,10.842269375,47.871068562,"1985","06",148.300003051758,8,17,12.5
"415","DEN",5,10.842269375,47.871068562,"1985","07",111.300003051758,12,23,17.5
"416","DEN",5,10.842269375,47.871068562,"1985","08",222.100006103516,10,21,15.5
"417","DEN",5,10.842269375,47.871068562,"1985","09",51.5,8,19,13.5
"418","DEN",5,10.842269375,47.871068562,"1985","10",22.7999992370605,3,12,7.5
"419","DEN",5,10.842269375,47.871068562,"1985","11",93.5,-3,3,0
"420","DEN",5,10.842269375,47.871068562,"1985","12",43.0999984741211,-1,6,2.5
"421","DEN",5,10.842269375,47.871068562,"1986","01",122.599998474121,-5,2,-1.5
"422","DEN",5,10.842269375,47.871068562,"1986","02",24.7000007629395,-10,-3,-6.5
"423","DEN",5,10.842269375,47.871068562,"1986","03",57.5,-2,6,2
"424","DEN",5,10.842269375,47.871068562,"1986","04",111.699996948242,1,10,5.5
"425","DEN",5,10.842269375,47.871068562,"1986","05",160,8,18,13
"426","DEN",5,10.842269375,47.871068562,"1986","06",111.900001525879,10,19,14.5
"427","DEN",5,10.842269375,47.871068562,"1986","07",132.399993896484,11,21,16
"428","DEN",5,10.842269375,47.871068562,"1986","08",159.300003051758,11,21,16
"429","DEN",5,10.842269375,47.871068562,"1986","09",41.9000015258789,7,17,12
"430","DEN",5,10.842269375,47.871068562,"1986","10",67.3000030517578,4,13,8.5
"431","DEN",5,10.842269375,47.871068562,"1986","11",38,0,8,4
"432","DEN",5,10.842269375,47.871068562,"1986","12",85.1999969482422,-4,3,-0.5
"433","DEN",5,10.842269375,47.871068562,"1987","01",61.0999984741211,-9,-2,-5.5
"434","DEN",5,10.842269375,47.871068562,"1987","02",78,-4,2,-1
"435","DEN",5,10.842269375,47.871068562,"1987","03",88.3000030517578,-5,3,-1
"436","DEN",5,10.842269375,47.871068562,"1987","04",69,2,13,7.5
"437","DEN",5,10.842269375,47.871068562,"1987","05",167.699996948242,3,13,8
"438","DEN",5,10.842269375,47.871068562,"1987","06",170.800003051758,9,18,13.5
"439","DEN",5,10.842269375,47.871068562,"1987","07",190.399993896484,12,21,16.5
"440","DEN",5,10.842269375,47.871068562,"1987","08",118.900001525879,11,19,15
"441","DEN",5,10.842269375,47.871068562,"1987","09",115.900001525879,11,20,15.5
"442","DEN",5,10.842269375,47.871068562,"1987","10",31.1000003814697,5,13,9
"443","DEN",5,10.842269375,47.871068562,"1987","11",87.6999969482422,0,6,3
"444","DEN",5,10.842269375,47.871068562,"1987","12",78.1999969482422,-1,4,1.5
"445","DEN",5,10.842269375,47.871068562,"1988","01",50.2000007629395,-2,5,1.5
"446","DEN",5,10.842269375,47.871068562,"1988","02",79.6999969482422,-4,3,-0.5
"447","DEN",5,10.842269375,47.871068562,"1988","03",177.100006103516,-2,4,1
"448","DEN",5,10.842269375,47.871068562,"1988","04",57.4000015258789,2,13,7.5
"449","DEN",5,10.842269375,47.871068562,"1988","05",106.800003051758,8,18,13
"450","DEN",5,10.842269375,47.871068562,"1988","06",139.800003051758,9,18,13.5
"451","DEN",5,10.842269375,47.871068562,"1988","07",143.699996948242,11,22,16.5
"452","DEN",5,10.842269375,47.871068562,"1988","08",161.600006103516,11,21,16
"453","DEN",5,10.842269375,47.871068562,"1988","09",76.6999969482422,8,17,12.5
"454","DEN",5,10.842269375,47.871068562,"1988","10",61.2000007629395,6,13,9.5
"455","DEN",5,10.842269375,47.871068562,"1988","11",60.5999984741211,-2,5,1.5
"456","DEN",5,10.842269375,47.871068562,"1988","12",147.899993896484,-2,3,0.5
"457","DEN",5,10.842269375,47.871068562,"1989","01",22.5,-2,4,1
"458","DEN",5,10.842269375,47.871068562,"1989","02",64.6999969482422,-2,6,2
"459","DEN",5,10.842269375,47.871068562,"1989","03",41.5,1,11,6
"460","DEN",5,10.842269375,47.871068562,"1989","04",124.599998474121,2,10,6
"461","DEN",5,10.842269375,47.871068562,"1989","05",65.4000015258789,7,17,12
"462","DEN",5,10.842269375,47.871068562,"1989","06",155.300003051758,8,18,13
"463","DEN",5,10.842269375,47.871068562,"1989","07",210,12,21,16.5
"464","DEN",5,10.842269375,47.871068562,"1989","08",107.400001525879,11,21,16
"465","DEN",5,10.842269375,47.871068562,"1989","09",121.400001525879,8,17,12.5
"466","DEN",5,10.842269375,47.871068562,"1989","10",66.3000030517578,4,14,9
"467","DEN",5,10.842269375,47.871068562,"1989","11",56.7000007629395,-2,6,2
"468","DEN",5,10.842269375,47.871068562,"1989","12",62.5999984741211,-2,5,1.5
"469","DEN",5,10.842269375,47.871068562,"1990","01",24.6000003814697,-4,4,0
"470","DEN",5,10.842269375,47.871068562,"1990","02",161.699996948242,-1,9,4
"471","DEN",5,10.842269375,47.871068562,"1990","03",48.5999984741211,1,11,6
"472","DEN",5,10.842269375,47.871068562,"1990","04",108.900001525879,1,10,5.5
"473","DEN",5,10.842269375,47.871068562,"1990","05",88.5,7,18,12.5
"474","DEN",5,10.842269375,47.871068562,"1990","06",192.699996948242,9,18,13.5
"475","DEN",5,10.842269375,47.871068562,"1990","07",122.699996948242,11,22,16.5
"476","DEN",5,10.842269375,47.871068562,"1990","08",103.5,12,23,17.5
"477","DEN",5,10.842269375,47.871068562,"1990","09",126.400001525879,7,15,11
"478","DEN",5,10.842269375,47.871068562,"1990","10",96.9000015258789,5,14,9.5
"479","DEN",5,10.842269375,47.871068562,"1990","11",91.0999984741211,-1,6,2.5
"480","DEN",5,10.842269375,47.871068562,"1990","12",53.5,-5,1,-2
"481","DEN",5,10.842269375,47.871068562,"1991","01",45.5,-3,3,0
"482","DEN",5,10.842269375,47.871068562,"1991","02",23.2999992370605,-7,2,-2.5
"483","DEN",5,10.842269375,47.871068562,"1991","03",52.2000007629395,2,10,6
"484","DEN",5,10.842269375,47.871068562,"1991","04",62.2999992370605,0,10,5
"485","DEN",5,10.842269375,47.871068562,"1991","05",153.300003051758,3,12,7.5
"486","DEN",5,10.842269375,47.871068562,"1991","06",215.399993896484,8,18,13
"487","DEN",5,10.842269375,47.871068562,"1991","07",151.300003051758,13,23,18
"488","DEN",5,10.842269375,47.871068562,"1991","08",64.5999984741211,12,22,17
"489","DEN",5,10.842269375,47.871068562,"1991","09",76,10,20,15
"490","DEN",5,10.842269375,47.871068562,"1991","10",27.3999996185303,3,11,7
"491","DEN",5,10.842269375,47.871068562,"1991","11",81.0999984741211,-1,6,2.5
"492","DEN",5,10.842269375,47.871068562,"1991","12",83.9000015258789,-5,1,-2
"493","DEN",5,10.842269375,47.871068562,"1992","01",11.3000001907349,-4,3,-0.5
"494","DEN",5,10.842269375,47.871068562,"1992","02",70.4000015258789,-3,4,0.5
"495","DEN",5,10.842269375,47.871068562,"1992","03",136.199996948242,-1,7,3
"496","DEN",5,10.842269375,47.871068562,"1992","04",104.900001525879,2,11,6.5
"497","DEN",5,10.842269375,47.871068562,"1992","05",19.1000003814697,8,19,13.5
"498","DEN",5,10.842269375,47.871068562,"1992","06",124.699996948242,10,20,15
"499","DEN",5,10.842269375,47.871068562,"1992","07",120.5,13,22,17.5
"500","DEN",5,10.842269375,47.871068562,"1992","08",132,14,25,19.5
"501","DEN",5,10.842269375,47.871068562,"1992","09",82.1999969482422,9,18,13.5
"502","DEN",5,10.842269375,47.871068562,"1992","10",113.699996948242,3,9,6
"503","DEN",5,10.842269375,47.871068562,"1992","11",170.100006103516,1,8,4.5
"504","DEN",5,10.842269375,47.871068562,"1992","12",71,-3,3,0
"505","DEN",5,10.842269375,47.871068562,"1993","01",51.7999992370605,-2,5,1.5
"506","DEN",5,10.842269375,47.871068562,"1993","02",42.2000007629395,-4,2,-1
"507","DEN",5,10.842269375,47.871068562,"1993","03",63.4000015258789,-2,6,2
"508","DEN",5,10.842269375,47.871068562,"1993","04",73.9000015258789,4,13,8.5
"509","DEN",5,10.842269375,47.871068562,"1993","05",90.1999969482422,8,19,13.5
"510","DEN",5,10.842269375,47.871068562,"1993","06",142.899993896484,10,20,15
"511","DEN",5,10.842269375,47.871068562,"1993","07",267.700012207031,11,20,15.5
"512","DEN",5,10.842269375,47.871068562,"1993","08",164.5,11,21,16
"513","DEN",5,10.842269375,47.871068562,"1993","09",108.400001525879,8,16,12
"514","DEN",5,10.842269375,47.871068562,"1993","10",98.1999969482422,4,11,7.5
"515","DEN",5,10.842269375,47.871068562,"1993","11",35.0999984741211,-2,3,0.5
"516","DEN",5,10.842269375,47.871068562,"1993","12",97.4000015258789,-2,4,1
"517","DEN",5,10.842269375,47.871068562,"1994","01",73.9000015258789,-2,4,1
"518","DEN",5,10.842269375,47.871068562,"1994","02",38.7999992370605,-3,3,0
"519","DEN",5,10.842269375,47.871068562,"1994","03",75.8000030517578,3,11,7
"520","DEN",5,10.842269375,47.871068562,"1994","04",132.899993896484,1,10,5.5
"521","DEN",5,10.842269375,47.871068562,"1994","05",116,7,17,12
"522","DEN",5,10.842269375,47.871068562,"1994","06",98.5999984741211,10,20,15
"523","DEN",5,10.842269375,47.871068562,"1994","07",146,14,25,19.5
"524","DEN",5,10.842269375,47.871068562,"1994","08",138.399993896484,13,23,18
"525","DEN",5,10.842269375,47.871068562,"1994","09",102.800003051758,9,17,13
"526","DEN",5,10.842269375,47.871068562,"1994","10",44.5999984741211,3,12,7.5
"527","DEN",5,10.842269375,47.871068562,"1994","11",77.6999969482422,3,9,6
"528","DEN",5,10.842269375,47.871068562,"1994","12",80.9000015258789,-1,4,1.5
"529","DEN",5,10.842269375,47.871068562,"1995","01",95.5999984741211,-5,1,-2
"530","DEN",5,10.842269375,47.871068562,"1995","02",64.0999984741211,-1,7,3
"531","DEN",5,10.842269375,47.871068562,"1995","03",100.5,-3,5,1
"532","DEN",5,10.842269375,47.871068562,"1995","04",108.800003051758,3,11,7
"533","DEN",5,10.842269375,47.871068562,"1995","05",126.300003051758,7,16,11.5
"534","DEN",5,10.842269375,47.871068562,"1995","06",210.699996948242,9,17,13
"535","DEN",5,10.842269375,47.871068562,"1995","07",135,14,24,19
"536","DEN",5,10.842269375,47.871068562,"1995","08",206.600006103516,12,20,16
"537","DEN",5,10.842269375,47.871068562,"1995","09",67.5,6,15,10.5
"538","DEN",5,10.842269375,47.871068562,"1995","10",14.3999996185303,7,15,11
"539","DEN",5,10.842269375,47.871068562,"1995","11",85,-2,5,1.5
"540","DEN",5,10.842269375,47.871068562,"1995","12",80,-4,1,-1.5
"541","DEN",5,10.842269375,47.871068562,"1996","01",13.1999998092651,-4,2,-1
"542","DEN",5,10.842269375,47.871068562,"1996","02",35.2999992370605,-6,1,-2.5
"543","DEN",5,10.842269375,47.871068562,"1996","03",56,-4,5,0.5
"544","DEN",5,10.842269375,47.871068562,"1996","04",53.4000015258789,3,12,7.5
"545","DEN",5,10.842269375,47.871068562,"1996","05",151.399993896484,7,16,11.5
"546","DEN",5,10.842269375,47.871068562,"1996","06",123,11,21,16
"547","DEN",5,10.842269375,47.871068562,"1996","07",147,11,20,15.5
"548","DEN",5,10.842269375,47.871068562,"1996","08",198.399993896484,11,20,15.5
"549","DEN",5,10.842269375,47.871068562,"1996","09",99.9000015258789,5,13,9
"550","DEN",5,10.842269375,47.871068562,"1996","10",107.900001525879,4,12,8
"551","DEN",5,10.842269375,47.871068562,"1996","11",113.199996948242,0,7,3.5
"552","DEN",5,10.842269375,47.871068562,"1996","12",55.2999992370605,-5,1,-2
"553","DEN",5,10.842269375,47.871068562,"1997","01",4.40000009536743,-4,2,-1
"554","DEN",5,10.842269375,47.871068562,"1997","02",61.9000015258789,-2,6,2
"555","DEN",5,10.842269375,47.871068562,"1997","03",76.5,1,9,5
"556","DEN",5,10.842269375,47.871068562,"1997","04",108,0,10,5
"557","DEN",5,10.842269375,47.871068562,"1997","05",48.9000015258789,7,17,12
"558","DEN",5,10.842269375,47.871068562,"1997","06",163,10,19,14.5
"559","DEN",5,10.842269375,47.871068562,"1997","07",190.399993896484,11,19,15
"560","DEN",5,10.842269375,47.871068562,"1997","08",95.9000015258789,12,22,17
"561","DEN",5,10.842269375,47.871068562,"1997","09",36.5999984741211,9,19,14
"562","DEN",5,10.842269375,47.871068562,"1997","10",92.0999984741211,4,11,7.5
"563","DEN",5,10.842269375,47.871068562,"1997","11",38.2000007629395,0,7,3.5
"564","DEN",5,10.842269375,47.871068562,"1997","12",100.699996948242,-2,3,0.5
"565","DEN",5,10.842269375,47.871068562,"1998","01",44.5,-3,4,0.5
"566","DEN",5,10.842269375,47.871068562,"1998","02",22.2999992370605,-2,7,2.5
"567","DEN",5,10.842269375,47.871068562,"1998","03",85.5,-1,7,3
"568","DEN",5,10.842269375,47.871068562,"1998","04",70.1999969482422,2,12,7
"569","DEN",5,10.842269375,47.871068562,"1998","05",67.9000015258789,7,17,12
"570","DEN",5,10.842269375,47.871068562,"1998","06",169.600006103516,11,21,16
"571","DEN",5,10.842269375,47.871068562,"1998","07",137.899993896484,12,21,16.5
"572","DEN",5,10.842269375,47.871068562,"1998","08",94,12,22,17
"573","DEN",5,10.842269375,47.871068562,"1998","09",159.899993896484,8,16,12
"574","DEN",5,10.842269375,47.871068562,"1998","10",163.800003051758,4,11,7.5
"575","DEN",5,10.842269375,47.871068562,"1998","11",93.5,-3,3,0
"576","DEN",5,10.842269375,47.871068562,"1998","12",47.7999992370605,-4,2,-1
"577","DEN",5,10.842269375,47.871068562,"1999","01",64.1999969482422,-3,4,0.5
"578","DEN",5,10.842269375,47.871068562,"1999","02",147.899993896484,-6,0,-3
"579","DEN",5,10.842269375,47.871068562,"1999","03",58.9000015258789,0,8,4
"580","DEN",5,10.842269375,47.871068562,"1999","04",114.300003051758,3,11,7
"581","DEN",5,10.842269375,47.871068562,"1999","05",238.5,9,18,13.5
"582","DEN",5,10.842269375,47.871068562,"1999","06",161.100006103516,9,19,14
"583","DEN",5,10.842269375,47.871068562,"1999","07",127.599998474121,12,22,17
"584","DEN",5,10.842269375,47.871068562,"1999","08",139.600006103516,12,21,16.5
"585","DEN",5,10.842269375,47.871068562,"1999","09",116.099998474121,10,20,15
"586","DEN",5,10.842269375,47.871068562,"1999","10",49.7000007629395,4,12,8
"587","DEN",5,10.842269375,47.871068562,"1999","11",109.099998474121,-2,4,1
"588","DEN",5,10.842269375,47.871068562,"1999","12",102.800003051758,-4,3,-0.5
"589","DEN",5,10.842269375,47.871068562,"2000","01",49.4000015258789,-5,1,-2
"590","DEN",5,10.842269375,47.871068562,"2000","02",88,-2,5,1.5
"591","DEN",5,10.842269375,47.871068562,"2000","03",127.699996948242,-1,7,3
"592","DEN",5,10.842269375,47.871068562,"2000","04",53,4,14,9
"593","DEN",5,10.842269375,47.871068562,"2000","05",156.300003051758,8,19,13.5
"594","DEN",5,10.842269375,47.871068562,"2000","06",105.199996948242,11,22,16.5
"595","DEN",5,10.842269375,47.871068562,"2000","07",205.600006103516,10,19,14.5
"596","DEN",5,10.842269375,47.871068562,"2000","08",185.699996948242,13,23,18
"597","DEN",5,10.842269375,47.871068562,"2000","09",143.100006103516,9,18,13.5
"598","DEN",5,10.842269375,47.871068562,"2000","10",100.900001525879,5,12,8.5
"599","DEN",5,10.842269375,47.871068562,"2000","11",77.5,1,8,4.5
"600","DEN",5,10.842269375,47.871068562,"2000","12",37,-1,5,2
"601","DEN",5,10.842269375,47.871068562,"2001","01",62.9000015258789,-4,3,-0.5
"602","DEN",5,10.842269375,47.871068562,"2001","02",82.5999984741211,-3,4,0.5
"603","DEN",5,10.842269375,47.871068562,"2001","03",130.899993896484,2,9,5.5
"604","DEN",5,10.842269375,47.871068562,"2001","04",132.199996948242,1,9,5
"605","DEN",5,10.842269375,47.871068562,"2001","05",76.6999969482422,8,19,13.5
"606","DEN",5,10.842269375,47.871068562,"2001","06",206.399993896484,8,18,13
"607","DEN",5,10.842269375,47.871068562,"2001","07",89.0999984741211,12,22,17
"608","DEN",5,10.842269375,47.871068562,"2001","08",150.800003051758,12,23,17.5
"609","DEN",5,10.842269375,47.871068562,"2001","09",153.5,6,13,9.5
"610","DEN",5,10.842269375,47.871068562,"2001","10",48,7,16,11.5
"611","DEN",5,10.842269375,47.871068562,"2001","11",111.199996948242,-2,5,1.5
"612","DEN",5,10.842269375,47.871068562,"2001","12",72.8000030517578,-7,0,-3.5
"613","DEN",5,10.842269375,47.871068562,"2002","01",15.8000001907349,-4,3,-0.5
"614","DEN",5,10.842269375,47.871068562,"2002","02",70,-1,7,3
"615","DEN",5,10.842269375,47.871068562,"2002","03",121,0,10,5
"616","DEN",5,10.842269375,47.871068562,"2002","04",65.9000015258789,2,11,6.5
"617","DEN",5,10.842269375,47.871068562,"2002","05",115.599998474121,7,17,12
"618","DEN",5,10.842269375,47.871068562,"2002","06",124.300003051758,12,23,17.5
"619","DEN",5,10.842269375,47.871068562,"2002","07",149.600006103516,12,21,16.5
"620","DEN",5,10.842269375,47.871068562,"2002","08",192.699996948242,12,20,16
"621","DEN",5,10.842269375,47.871068562,"2002","09",163.699996948242,7,15,11
"622","DEN",5,10.842269375,47.871068562,"2002","10",97.5,4,11,7.5
"623","DEN",5,10.842269375,47.871068562,"2002","11",146,1,8,4.5
"624","DEN",5,10.842269375,47.871068562,"2002","12",79,-2,4,1
"625","DEN",5,10.842269375,47.871068562,"2003","01",67.8000030517578,-5,1,-2
"626","DEN",5,10.842269375,47.871068562,"2003","02",42,-8,0,-4
"627","DEN",5,10.842269375,47.871068562,"2003","03",24.7999992370605,-1,10,4.5
"628","DEN",5,10.842269375,47.871068562,"2003","04",52.0999984741211,1,12,6.5
"629","DEN",5,10.842269375,47.871068562,"2003","05",97.0999984741211,8,19,13.5
"630","DEN",5,10.842269375,47.871068562,"2003","06",103,12,24,18
"631","DEN",5,10.842269375,47.871068562,"2003","07",130.100006103516,12,23,17.5
"632","DEN",5,10.842269375,47.871068562,"2003","08",69.5999984741211,14,25,19.5
"633","DEN",5,10.842269375,47.871068562,"2003","09",57.9000015258789,7,18,12.5
"634","DEN",5,10.842269375,47.871068562,"2003","10",150.899993896484,1,9,5
"635","DEN",5,10.842269375,47.871068562,"2003","11",43.5,1,9,5
"636","DEN",5,10.842269375,47.871068562,"2003","12",47.2999992370605,-4,4,0
"637","DEN",5,10.842269375,47.871068562,"2004","01",123.699996948242,-5,1,-2
"638","DEN",5,10.842269375,47.871068562,"2004","02",48,-4,4,0
"639","DEN",5,10.842269375,47.871068562,"2004","03",56.2999992370605,-2,7,2.5
"640","DEN",5,10.842269375,47.871068562,"2004","04",60.5999984741211,2,12,7
"641","DEN",5,10.842269375,47.871068562,"2004","05",100.699996948242,5,15,10
"642","DEN",5,10.842269375,47.871068562,"2004","06",136.100006103516,9,19,14
"643","DEN",5,10.842269375,47.871068562,"2004","07",123.300003051758,11,21,16
"644","DEN",5,10.842269375,47.871068562,"2004","08",124.199996948242,12,22,17
"645","DEN",5,10.842269375,47.871068562,"2004","09",91,8,18,13
"646","DEN",5,10.842269375,47.871068562,"2004","10",75.3000030517578,6,14,10
"647","DEN",5,10.842269375,47.871068562,"2004","11",49.2999992370605,-1,5,2
"648","DEN",5,10.842269375,47.871068562,"2004","12",38.5,-3,3,0
"649","DEN",5,10.842269375,47.871068562,"2005","01",57.5999984741211,-5,2,-1.5
"650","DEN",5,10.842269375,47.871068562,"2005","02",69,-8,-1,-4.5
"651","DEN",5,10.842269375,47.871068562,"2005","03",55.5,-2,7,2.5
"652","DEN",5,10.842269375,47.871068562,"2005","04",103.5,2,12,7
"653","DEN",5,10.842269375,47.871068562,"2005","05",119.800003051758,6,17,11.5
"654","DEN",5,10.842269375,47.871068562,"2005","06",95,11,21,16
"655","DEN",5,10.842269375,47.871068562,"2005","07",168.399993896484,12,21,16.5
"656","DEN",5,10.842269375,47.871068562,"2005","08",221.5,10,19,14.5
"657","DEN",5,10.842269375,47.871068562,"2005","09",84.4000015258789,9,18,13.5
"658","DEN",5,10.842269375,47.871068562,"2005","10",47.2000007629395,5,15,10
"659","DEN",5,10.842269375,47.871068562,"2005","11",48.5,-1,5,2
"660","DEN",5,10.842269375,47.871068562,"2005","12",74.8000030517578,-6,0,-3
"661","DEN",5,10.842269375,47.871068562,"2006","01",39,-7,1,-3
"662","DEN",5,10.842269375,47.871068562,"2006","02",53.2999992370605,-5,1,-2
"663","DEN",5,10.842269375,47.871068562,"2006","03",107.400001525879,-3,5,1
"664","DEN",5,10.842269375,47.871068562,"2006","04",123.800003051758,2,11,6.5
"665","DEN",5,10.842269375,47.871068562,"2006","05",129.600006103516,6,16,11
"666","DEN",5,10.842269375,47.871068562,"2006","06",122.900001525879,10,21,15.5
"667","DEN",5,10.842269375,47.871068562,"2006","07",77.9000015258789,14,26,20
"668","DEN",5,10.842269375,47.871068562,"2006","08",209.699996948242,9,17,13
"669","DEN",5,10.842269375,47.871068562,"2006","09",55.9000015258789,10,21,15.5
"670","DEN",5,10.842269375,47.871068562,"2006","10",52.0999984741211,6,16,11
"671","DEN",5,10.842269375,47.871068562,"2006","11",50.5999984741211,1,9,5
"672","DEN",5,10.842269375,47.871068562,"2006","12",42.9000015258789,-2,5,1.5
"673","DEN",5,10.842269375,47.871068562,"2007","01",59.9000015258789,-1,5,2
"674","DEN",5,10.842269375,47.871068562,"2007","02",62.2999992370605,-1,7,3
"675","DEN",5,10.842269375,47.871068562,"2007","03",60.7999992370605,-1,8,3.5
"676","DEN",5,10.842269375,47.871068562,"2007","04",14.3999996185303,5,16,10.5
"677","DEN",5,10.842269375,47.871068562,"2007","05",194.5,7,18,12.5
"678","DEN",5,10.842269375,47.871068562,"2007","06",135,11,21,16
"679","DEN",5,10.842269375,47.871068562,"2007","07",176.399993896484,11,21,16
"680","DEN",5,10.842269375,47.871068562,"2007","08",177.899993896484,11,20,15.5
"681","DEN",5,10.842269375,47.871068562,"2007","09",153.5,6,15,10.5
"682","DEN",5,10.842269375,47.871068562,"2007","10",30.6000003814697,3,11,7
"683","DEN",5,10.842269375,47.871068562,"2007","11",99.6999969482422,-2,4,1
"684","DEN",5,10.842269375,47.871068562,"2007","12",61.7999992370605,-4,2,-1
"685","DEN",5,10.842269375,47.871068562,"2008","01",47.9000015258789,-2,5,1.5
"686","DEN",5,10.842269375,47.871068562,"2008","02",28.7999992370605,-3,7,2
"687","DEN",5,10.842269375,47.871068562,"2008","03",88.6999969482422,-2,6,2
"688","DEN",5,10.842269375,47.871068562,"2008","04",154.600006103516,2,10,6
"689","DEN",5,10.842269375,47.871068562,"2008","05",54.5,8,18,13
"690","DEN",5,10.842269375,47.871068562,"2008","06",143.199996948242,11,21,16
"691","DEN",5,10.842269375,47.871068562,"2008","07",184.5,11,21,16
"692","DEN",5,10.842269375,47.871068562,"2008","08",133,11,21,16
"693","DEN",5,10.842269375,47.871068562,"2008","09",75.5,7,15,11
"694","DEN",5,10.842269375,47.871068562,"2008","10",67.5999984741211,4,13,8.5
"695","DEN",5,10.842269375,47.871068562,"2008","11",59.5999984741211,-1,7,3
"696","DEN",5,10.842269375,47.871068562,"2008","12",73.3000030517578,-3,2,-0.5
"697","DEN",5,10.842269375,47.871068562,"2009","01",27.2000007629395,-6,1,-2.5
"698","DEN",5,10.842269375,47.871068562,"2009","02",79.6999969482422,-5,1,-2
"699","DEN",5,10.842269375,47.871068562,"2009","03",95.9000015258789,-2,5,1.5
"700","DEN",5,10.842269375,47.871068562,"2009","04",31,4,15,9.5
"701","DEN",5,10.842269375,47.871068562,"2009","05",115.699996948242,8,19,13.5
"702","DEN",5,10.842269375,47.871068562,"2009","06",189.199996948242,10,19,14.5
"703","DEN",5,10.842269375,47.871068562,"2009","07",148.399993896484,12,22,17
"704","DEN",5,10.842269375,47.871068562,"2009","08",99.5999984741211,13,24,18.5
"705","DEN",5,10.842269375,47.871068562,"2009","09",63.7000007629395,9,18,13.5
"706","DEN",5,10.842269375,47.871068562,"2009","10",88.3000030517578,4,11,7.5
"707","DEN",5,10.842269375,47.871068562,"2009","11",72.3000030517578,2,9,5.5
"708","DEN",5,10.842269375,47.871068562,"2009","12",83.5999984741211,-4,2,-1
"709","DEN",5,10.842269375,47.871068562,"2010","01",37.0999984741211,-6,-1,-3.5
"710","DEN",5,10.842269375,47.871068562,"2010","02",42.2999992370605,-5,2,-1.5
"711","DEN",5,10.842269375,47.871068562,"2010","03",47.5999984741211,-2,7,2.5
"712","DEN",5,10.842269375,47.871068562,"2010","04",41.2999992370605,2,13,7.5
"713","DEN",5,10.842269375,47.871068562,"2010","05",157.699996948242,6,14,10
"714","DEN",5,10.842269375,47.871068562,"2010","06",165.899993896484,11,20,15.5
"715","DEN",5,10.842269375,47.871068562,"2010","07",185.800003051758,13,24,18.5
"716","DEN",5,10.842269375,47.871068562,"2010","08",237,11,20,15.5
"717","DEN",5,10.842269375,47.871068562,"2010","09",78.9000015258789,7,16,11.5
"718","DEN",5,10.842269375,47.871068562,"2010","10",56.2999992370605,3,11,7
"719","DEN",5,10.842269375,47.871068562,"2010","11",67.5,0,7,3.5
"720","DEN",5,10.842269375,47.871068562,"2010","12",93.8000030517578,-6,0,-3
"721","DEN",5,10.842269375,47.871068562,"2011","01",52.4000015258789,-4,2,-1
"722","DEN",5,10.842269375,47.871068562,"2011","02",20.2000007629395,-3,4,0.5
"723","DEN",5,10.842269375,47.871068562,"2011","03",54.9000015258789,0,9,4.5
"724","DEN",5,10.842269375,47.871068562,"2011","04",32.7999992370605,4,16,10
"725","DEN",5,10.842269375,47.871068562,"2011","05",128.399993896484,7,19,13
"726","DEN",5,10.842269375,47.871068562,"2011","06",158.100006103516,11,20,15.5
"727","DEN",5,10.842269375,47.871068562,"2011","07",173.199996948242,10,20,15
"728","DEN",5,10.842269375,47.871068562,"2011","08",115.699996948242,13,23,18
"729","DEN",5,10.842269375,47.871068562,"2011","09",114.199996948242,10,20,15
"730","DEN",5,10.842269375,47.871068562,"2011","10",79.4000015258789,3,13,8
"731","DEN",5,10.842269375,47.871068562,"2011","11",1.60000002384186,1,9,5
"732","DEN",5,10.842269375,47.871068562,"2011","12",135.699996948242,-2,4,1
"733","DEN",5,10.842269375,47.871068562,"2012","01",107.800003051758,-4,2,-1
"734","DEN",5,10.842269375,47.871068562,"2012","02",28.5,-8,-2,-5
"735","DEN",5,10.842269375,47.871068562,"2012","03",29,1,11,6
"736","DEN",5,10.842269375,47.871068562,"2012","04",75.3000030517578,3,12,7.5
"737","DEN",5,10.842269375,47.871068562,"2012","05",80,7,18,12.5
"738","DEN",5,10.842269375,47.871068562,"2012","06",183.199996948242,11,22,16.5
"739","DEN",5,10.842269375,47.871068562,"2012","07",112.300003051758,12,22,17
"740","DEN",5,10.842269375,47.871068562,"2012","08",204.699996948242,13,24,18.5
"741","DEN",5,10.842269375,47.871068562,"2012","09",94.6999969482422,8,18,13
"742","DEN",5,10.842269375,47.871068562,"2012","10",84.0999984741211,4,13,8.5
"743","DEN",5,10.842269375,47.871068562,"2012","11",73.5,1,8,4.5
"744","DEN",5,10.842269375,47.871068562,"2012","12",102.099998474121,-4,2,-1
"745","DEN",5,10.842269375,47.871068562,"2013","01",79.6999969482422,-4,1,-1.5
"746","DEN",5,10.842269375,47.871068562,"2013","02",86.5,-6,-1,-3.5
"747","DEN",5,10.842269375,47.871068562,"2013","03",53.5999984741211,-2,5,1.5
"748","DEN",5,10.842269375,47.871068562,"2013","04",47.7000007629395,4,12,8
"749","DEN",5,10.842269375,47.871068562,"2013","05",177.5,6,14,10
"750","DEN",5,10.842269375,47.871068562,"2013","06",188.199996948242,10,19,14.5
"751","DEN",5,10.842269375,47.871068562,"2013","07",44.5999984741211,13,25,19
"752","DEN",5,10.842269375,47.871068562,"2013","08",141.600006103516,12,22,17
"753","DEN",5,10.842269375,47.871068562,"2013","09",142.300003051758,9,17,13
"754","DEN",5,10.842269375,47.871068562,"2013","10",91.6999969482422,5,13,9
"755","DEN",5,10.842269375,47.871068562,"2013","11",84.3000030517578,0,5,2.5
"756","DEN",5,10.842269375,47.871068562,"2013","12",19.8999996185303,-2,5,1.5
"757","DEN",5,10.842269375,47.871068562,"2014","01",54.2000007629395,-2,5,1.5
"758","DEN",5,10.842269375,47.871068562,"2014","02",31.3999996185303,-2,7,2.5
"759","DEN",5,10.842269375,47.871068562,"2014","03",23.6000003814697,1,11,6
"760","DEN",5,10.842269375,47.871068562,"2014","04",59.5,4,14,9
"761","DEN",5,10.842269375,47.871068562,"2014","05",122.5,6,15,10.5
"762","DEN",5,10.842269375,47.871068562,"2014","06",98.5,10,21,15.5
"763","DEN",5,10.842269375,47.871068562,"2014","07",220.800003051758,12,21,16.5
"764","DEN",5,10.842269375,47.871068562,"2014","08",164.800003051758,10,19,14.5
"765","DEN",5,10.842269375,47.871068562,"2014","09",87.8000030517578,9,18,13.5
"766","DEN",5,10.842269375,47.871068562,"2014","10",95.6999969482422,6,14,10
"767","DEN",5,10.842269375,47.871068562,"2014","11",46.7999992370605,3,10,6.5
"768","DEN",5,10.842269375,47.871068562,"2014","12",64,-2,3,0.5
"769","DEN",5,10.842269375,47.871068562,"2015","01",86.1999969482422,-3,3,0
"770","DEN",5,10.842269375,47.871068562,"2015","02",29,-4,3,-0.5
"771","DEN",5,10.842269375,47.871068562,"2015","03",68.5,-1,9,4
"772","DEN",5,10.842269375,47.871068562,"2015","04",84.9000015258789,2,13,7.5
"773","DEN",5,10.842269375,47.871068562,"2015","05",170.600006103516,7,17,12
"774","DEN",5,10.842269375,47.871068562,"2015","06",151.5,11,21,16
"775","DEN",5,10.842269375,47.871068562,"2015","07",64.4000015258789,14,26,20
"776","DEN",5,10.842269375,47.871068562,"2015","08",107.199996948242,14,25,19.5
"777","DEN",5,10.842269375,47.871068562,"2015","09",83.9000015258789,7,16,11.5
"778","DEN",5,10.842269375,47.871068562,"2015","10",74.6999969482422,4,11,7.5
"779","DEN",5,10.842269375,47.871068562,"2015","11",69.6999969482422,2,10,6
"780","DEN",5,10.842269375,47.871068562,"2015","12",28.2999992370605,0,7,3.5
"781","DEN",5,10.842269375,47.871068562,"2016","01",104.5,-3,3,0
"782","DEN",5,10.842269375,47.871068562,"2016","02",85.3000030517578,-2,5,1.5
"783","DEN",5,10.842269375,47.871068562,"2016","03",46.2000007629395,-1,7,3
"784","DEN",5,10.842269375,47.871068562,"2016","04",88.5999984741211,3,12,7.5
"785","DEN",5,10.842269375,47.871068562,"2016","05",174.699996948242,6,16,11
"786","DEN",5,10.842269375,47.871068562,"2016","06",178.300003051758,11,20,15.5
"787","DEN",5,10.842269375,47.871068562,"2016","07",168.300003051758,13,23,18
"788","DEN",5,10.842269375,47.871068562,"2016","08",146.199996948242,12,22,17
"789","DEN",5,10.842269375,47.871068562,"2016","09",92.0999984741211,10,20,15
"790","DEN",5,10.842269375,47.871068562,"2016","10",61.5999984741211,3,10,6.5
"791","DEN",5,10.842269375,47.871068562,"2016","11",72,0,7,3.5
"792","DEN",5,10.842269375,47.871068562,"2016","12",7.59999990463257,-2,5,1.5
"793","DEN",5,10.842269375,47.871068562,"2017","01",61.2000007629395,-8,0,-4
"794","DEN",5,10.842269375,47.871068562,"2017","02",44.0999984741211,-2,6,2
"795","DEN",5,10.842269375,47.871068562,"2017","03",72,2,11,6.5
"796","DEN",5,10.842269375,47.871068562,"2017","04",128.199996948242,2,11,6.5
"797","DEN",5,10.842269375,47.871068562,"2017","05",107.199996948242,7,18,12.5
"798","DEN",5,10.842269375,47.871068562,"2017","06",123.900001525879,13,23,18
"799","DEN",5,10.842269375,47.871068562,"2017","07",180.5,13,23,18
"800","DEN",5,10.842269375,47.871068562,"2017","08",167.199996948242,13,23,18
"801","DEN",5,10.842269375,47.871068562,"2017","09",109.400001525879,6,15,10.5
"802","DEN",5,10.842269375,47.871068562,"2017","10",81.5,5,13,9
"803","DEN",5,10.842269375,47.871068562,"2017","11",91.8000030517578,-1,6,2.5
"804","DEN",5,10.842269375,47.871068562,"2017","12",84.4000015258789,-4,2,-1
"805","DEN",5,10.842269375,47.871068562,"2018","01",117.599998474121,-1,5,2
"806","DEN",5,10.842269375,47.871068562,"2018","02",48.5999984741211,-7,-1,-4
"807","DEN",5,10.842269375,47.871068562,"2018","03",45.9000015258789,-2,6,2
"808","DEN",5,10.842269375,47.871068562,"2018","04",23.5,5,16,10.5
"809","DEN",5,10.842269375,47.871068562,"2018","05",119.099998474121,9,20,14.5
"810","DEN",5,10.842269375,47.871068562,"2018","06",122,11,22,16.5
"811","DEN",5,10.842269375,47.871068562,"2018","07",95.4000015258789,13,24,18.5
"812","DEN",5,10.842269375,47.871068562,"2018","08",134.699996948242,13,24,18.5
"813","DEN",5,10.842269375,47.871068562,"2018","09",97,9,20,14.5
"814","DEN",5,10.842269375,47.871068562,"2018","10",53.7000007629395,5,15,10
"815","DEN",5,10.842269375,47.871068562,"2018","11",21.5,1,9,5
"816","DEN",5,10.842269375,47.871068562,"2018","12",115.099998474121,-2,3,0.5
"817","DEN",5,10.842269375,47.871068562,"2019","01",104.800003051758,-6,-1,-3.5
"818","DEN",5,10.842269375,47.871068562,"2019","02",43,-1,7,3
"819","DEN",5,10.842269375,47.871068562,"2019","03",64.9000015258789,0,10,5
"820","DEN",5,10.842269375,47.871068562,"2019","04",31.7000007629395,3,13,8
"821","DEN",5,10.842269375,47.871068562,"2019","05",219.300003051758,4,14,9
"822","DEN",5,10.842269375,47.871068562,"2019","06",85.8000030517578,13,23,18
"823","DEN",5,10.842269375,47.871068562,"2019","07",117.900001525879,13,24,18.5
"824","DEN",5,10.842269375,47.871068562,"2019","08",168.100006103516,13,23,18
"825","DEN",5,10.842269375,47.871068562,"2019","09",104.300003051758,9,18,13.5
"826","DEN",5,10.842269375,47.871068562,"2019","10",104.400001525879,6,15,10.5
"827","DEN",5,10.842269375,47.871068562,"2019","11",62.4000015258789,1,7,4
"828","DEN",5,10.842269375,47.871068562,"2019","12",63.5999984741211,-1,6,2.5
"829","DEN",5,10.842269375,47.871068562,"2020","01",29.8999996185303,-2,6,2
"830","DEN",5,10.842269375,47.871068562,"2020","02",130.699996948242,-1,8,3.5
"831","DEN",5,10.842269375,47.871068562,"2020","03",57.0999984741211,-1,9,4
"832","DEN",5,10.842269375,47.871068562,"2020","04",41.2000007629395,4,16,10
"833","DEN",5,10.842269375,47.871068562,"2020","05",72.1999969482422,6,17,11.5
"834","DEN",5,10.842269375,47.871068562,"2020","06",212.800003051758,10,20,15
"835","DEN",5,10.842269375,47.871068562,"2020","07",117.199996948242,12,23,17.5
"836","DEN",5,10.842269375,47.871068562,"2020","08",199.600006103516,13,23,18
"837","DEN",5,10.842269375,47.871068562,"2020","09",101.599998474121,9,19,14
"838","DEN",5,10.842269375,47.871068562,"2020","10",104.900001525879,4,11,7.5
"839","DEN",5,10.842269375,47.871068562,"2020","11",21.3999996185303,1,10,5.5
"840","DEN",5,10.842269375,47.871068562,"2020","12",59.5,-2,4,1
"841","DEN",5,10.842269375,47.871068562,"2021","01",84.4000015258789,-5,1,-2
"842","DEN",5,10.842269375,47.871068562,"2021","02",44,-2,7,2.5
"843","DEN",5,10.842269375,47.871068562,"2021","03",55.2000007629395,-2,8,3
"844","DEN",5,10.842269375,47.871068562,"2021","04",44.5,0,11,5.5
"845","DEN",5,10.842269375,47.871068562,"2021","05",157.899993896484,4,14,9
"846","DEN",5,10.842269375,47.871068562,"2021","06",183.399993896484,13,23,18
"847","DEN",5,10.842269375,47.871068562,"2021","07",208.399993896484,12,22,17
"848","DEN",5,10.842269375,47.871068562,"2021","08",181.300003051758,11,20,15.5
"849","DEN",5,10.842269375,47.871068562,"2021","09",63.2000007629395,9,20,14.5
"850","DEN",5,10.842269375,47.871068562,"2021","10",34.2999992370605,3,13,8
"851","DEN",5,10.842269375,47.871068562,"2021","11",62.2999992370605,0,6,3
"852","DEN",5,10.842269375,47.871068562,"2021","12",80.9000015258789,-2,4,1
